<?xml version="1.0" encoding="UTF-8"?>
<project-private xmlns="http://www.netbeans.org/ns/project-private/1">
    <editor-bookmarks xmlns="http://www.netbeans.org/ns/editor-bookmarks/2" lastBookmarkId="0"/>
    <open-files xmlns="http://www.netbeans.org/ns/projectui-open-files/2">
        <group>
            <file>file:/F:/GROUP/Yogi/ZipProjects/EXPERT_SYSTEM/src/java/askQuestionSer.java</file>
            <file>file:/F:/GROUP/Yogi/ZipProjects/EXPERT_SYSTEM/web/askQuestion.jsp</file>
            <file>file:/F:/GROUP/Yogi/ZipProjects/EXPERT_SYSTEM/src/java/ansQuestionSer.java</file>
            <file>file:/F:/GROUP/Yogi/ZipProjects/EXPERT_SYSTEM/src/java/RegistrationSer.java</file>
            <file>file:/F:/GROUP/Yogi/ZipProjects/EXPERT_SYSTEM/web/allQuestion.jsp</file>
        </group>
    </open-files>
</project-private>
